{"cameraMode":{"drawMode":2,"name":"Shaded Wireframe","section":"Shading Mode"},"sceneLighting":true,"audioPlay":false,"sceneViewState":{"showFog":true,"showMaterialUpdate":false,"showSkybox":true,"showFlares":true,"showImageEffects":true,"showParticleSystems":true},"in2DMode":false,"pivot":{"x":12.731757164001465,"y":0.6882078051567078,"z":-18.030500411987306},"rotation":{"x":0.007637574803084135,"y":-0.9842130541801453,"z":0.04372413456439972,"w":0.17177292704582215},"size":2.33345365524292,"orthographic":false}