{"cameraMode":{"drawMode":0,"name":"Shaded","section":"Shading Mode"},"sceneLighting":true,"audioPlay":false,"sceneViewState":{"showFog":true,"showMaterialUpdate":false,"showSkybox":true,"showFlares":true,"showImageEffects":true,"showParticleSystems":true},"in2DMode":false,"pivot":{"x":24.05384063720703,"y":-11.428337097167969,"z":69.79908752441406},"rotation":{"x":0.10246462374925614,"y":0.8908052444458008,"z":-0.3655432462692261,"w":0.2497013509273529},"size":30.85266876220703,"orthographic":false}