{"cameraMode":{"drawMode":2,"name":"Shaded Wireframe","section":"Shading Mode"},"sceneLighting":false,"audioPlay":false,"sceneViewState":{"showFog":true,"showMaterialUpdate":false,"showSkybox":false,"showFlares":true,"showImageEffects":true,"showParticleSystems":true},"in2DMode":false,"pivot":{"x":0.0,"y":0.15000000596046449,"z":1.1069999933242798},"rotation":{"x":0.6605607867240906,"y":0.03262440115213394,"z":-0.028752554208040239,"w":0.7495130300521851},"size":0.8083317279815674,"orthographic":true}