{"cameraMode":{"drawMode":0,"name":"Shaded","section":"Shading Mode"},"sceneLighting":true,"audioPlay":false,"sceneViewState":{"showFog":true,"showMaterialUpdate":false,"showSkybox":true,"showFlares":true,"showImageEffects":true,"showParticleSystems":true},"in2DMode":false,"pivot":{"x":13.488080978393555,"y":5.0722455978393559,"z":75.88616943359375},"rotation":{"x":0.14803355932235719,"y":0.21907714009284974,"z":-0.033648841083049777,"w":0.9638301730155945},"size":6.878442764282227,"orthographic":false}