{"cameraMode":{"drawMode":2,"name":"Shaded Wireframe","section":"Shading Mode"},"sceneLighting":true,"audioPlay":false,"sceneViewState":{"showFog":true,"showMaterialUpdate":false,"showSkybox":true,"showFlares":true,"showImageEffects":true,"showParticleSystems":true},"in2DMode":false,"pivot":{"x":1.9645113945007325,"y":-13.84451961517334,"z":102.50799560546875},"rotation":{"x":0.47550714015960696,"y":0.09755028784275055,"z":-0.053150929510593417,"w":0.8726973533630371},"size":22.0,"orthographic":false}