{"cameraMode":{"drawMode":2,"name":"Shaded Wireframe","section":"Shading Mode"},"sceneLighting":false,"audioPlay":false,"sceneViewState":{"showFog":true,"showMaterialUpdate":false,"showSkybox":false,"showFlares":true,"showImageEffects":true,"showParticleSystems":true},"in2DMode":false,"pivot":{"x":15.039999961853028,"y":4.329999923706055,"z":77.30999755859375},"rotation":{"x":0.08526790142059326,"y":-0.4437127113342285,"z":0.04245789349079132,"w":0.8910939693450928},"size":4.041658401489258,"orthographic":true}