{"cameraMode":{"drawMode":0,"name":"Shaded","section":"Shading Mode"},"sceneLighting":true,"audioPlay":false,"sceneViewState":{"showFog":true,"showMaterialUpdate":false,"showSkybox":true,"showFlares":true,"showImageEffects":true,"showParticleSystems":true},"in2DMode":false,"pivot":{"x":-3.8079593181610109,"y":6.74660062789917,"z":73.09644317626953},"rotation":{"x":0.131241574883461,"y":-0.07518350332975388,"z":0.01000521145761013,"w":0.9884910583496094},"size":0.5715739727020264,"orthographic":false}