{"cameraMode":{"drawMode":0,"name":"Shaded","section":"Shading Mode"},"sceneLighting":true,"audioPlay":false,"sceneViewState":{"showFog":true,"showMaterialUpdate":false,"showSkybox":true,"showFlares":true,"showImageEffects":true,"showParticleSystems":true},"in2DMode":false,"pivot":{"x":-26.253446578979493,"y":-6.601230144500732,"z":8.81828784942627},"rotation":{"x":0.1101866066455841,"y":-0.5764881372451782,"z":0.0788293182849884,"w":0.8058062791824341},"size":40.010372161865237,"orthographic":false}