{"cameraMode":{"drawMode":2,"name":"Shaded Wireframe","section":"Shading Mode"},"sceneLighting":true,"audioPlay":false,"sceneViewState":{"showFog":true,"showMaterialUpdate":false,"showSkybox":true,"showFlares":true,"showImageEffects":true,"showParticleSystems":true},"in2DMode":false,"pivot":{"x":1.8495206832885743,"y":-37.585227966308597,"z":97.62213897705078},"rotation":{"x":0.6605607867240906,"y":0.03262440115213394,"z":-0.028752554208040239,"w":0.7495130300521851},"size":20.861759185791017,"orthographic":true}