{"cameraMode":{"drawMode":1,"name":"Wireframe","section":"Shading Mode"},"sceneLighting":true,"audioPlay":false,"sceneViewState":{"showFog":true,"showMaterialUpdate":false,"showSkybox":true,"showFlares":true,"showImageEffects":true,"showParticleSystems":true},"in2DMode":false,"pivot":{"x":1.823226809501648,"y":-0.8291804194450378,"z":-17.413530349731447},"rotation":{"x":-0.5660033822059631,"y":-0.03190898895263672,"z":0.8235247731208801,"w":-0.021887412294745446},"size":22.0,"orthographic":false}