{"cameraMode":{"drawMode":2,"name":"Shaded Wireframe","section":"Shading Mode"},"sceneLighting":false,"audioPlay":false,"sceneViewState":{"showFog":true,"showMaterialUpdate":false,"showSkybox":false,"showFlares":true,"showImageEffects":true,"showParticleSystems":true},"in2DMode":false,"pivot":{"x":2.3876256942749025,"y":0.8815855383872986,"z":91.19779968261719},"rotation":{"x":0.08526790142059326,"y":-0.4437127113342285,"z":0.04245789349079132,"w":0.8910939693450928},"size":0.46330639719963076,"orthographic":true}