{"cameraMode":{"drawMode":2,"name":"Shaded Wireframe","section":"Shading Mode"},"sceneLighting":false,"audioPlay":false,"sceneViewState":{"showFog":true,"showMaterialUpdate":false,"showSkybox":false,"showFlares":true,"showImageEffects":true,"showParticleSystems":true},"in2DMode":false,"pivot":{"x":0.5805721282958984,"y":1.3603472709655762,"z":-0.24985620379447938},"rotation":{"x":-0.3439635932445526,"y":0.4512375593185425,"z":-0.1939914971590042,"w":-0.8004533052444458},"size":1.6583116054534913,"orthographic":false}