{"cameraMode":{"drawMode":0,"name":"Shaded","section":"Shading Mode"},"sceneLighting":false,"audioPlay":false,"sceneViewState":{"showFog":true,"showMaterialUpdate":false,"showSkybox":false,"showFlares":true,"showImageEffects":true,"showParticleSystems":true},"in2DMode":false,"pivot":{"x":10.14853286743164,"y":-2.41916823387146,"z":92.23336791992188},"rotation":{"x":0.4234989881515503,"y":-0.1443575769662857,"z":0.06856190413236618,"w":0.8916919231414795},"size":11.822185516357422,"orthographic":false}