{"cameraMode":{"drawMode":2,"name":"Shaded Wireframe","section":"Shading Mode"},"sceneLighting":true,"audioPlay":false,"sceneViewState":{"showFog":true,"showMaterialUpdate":false,"showSkybox":true,"showFlares":true,"showImageEffects":true,"showParticleSystems":true},"in2DMode":false,"pivot":{"x":0.8820006847381592,"y":-0.000817425549030304,"z":95.52387237548828},"rotation":{"x":0.09235259145498276,"y":-0.38873589038848879,"z":0.039210185408592227,"w":0.9158816933631897},"size":0.6683424115180969,"orthographic":false}