{"cameraMode":{"drawMode":2,"name":"Shaded Wireframe","section":"Shading Mode"},"sceneLighting":true,"audioPlay":false,"sceneViewState":{"showFog":true,"showMaterialUpdate":false,"showSkybox":true,"showFlares":true,"showImageEffects":true,"showParticleSystems":true},"in2DMode":false,"pivot":{"x":-0.8726685047149658,"y":-0.0848904401063919,"z":91.40107727050781},"rotation":{"x":0.058748453855514529,"y":-0.8464618921279907,"z":0.09567440301179886,"w":0.5206113457679749},"size":1.097036600112915,"orthographic":false}