{"cameraMode":{"drawMode":0,"name":"Shaded","section":"Shading Mode"},"sceneLighting":false,"audioPlay":false,"sceneViewState":{"showFog":true,"showMaterialUpdate":false,"showSkybox":false,"showFlares":true,"showImageEffects":true,"showParticleSystems":true},"in2DMode":false,"pivot":{"x":0.3798375129699707,"y":3.7644262313842775,"z":-7.779855728149414},"rotation":{"x":0.4234989881515503,"y":-0.1443575769662857,"z":0.06856190413236618,"w":0.8916919231414795},"size":22.0,"orthographic":false}