{"cameraMode":{"drawMode":1,"name":"Wireframe","section":"Shading Mode"},"sceneLighting":false,"audioPlay":false,"sceneViewState":{"showFog":true,"showMaterialUpdate":false,"showSkybox":false,"showFlares":true,"showImageEffects":true,"showParticleSystems":true},"in2DMode":false,"pivot":{"x":1.1198921203613282,"y":-2.0246315002441408,"z":-2.5669870376586916},"rotation":{"x":-0.15948784351348878,"y":0.840239405632019,"z":-0.35456421971321108,"w":-0.3779517412185669},"size":29.822927474975587,"orthographic":false}