{"cameraMode":{"drawMode":2,"name":"Shaded Wireframe","section":"Shading Mode"},"sceneLighting":false,"audioPlay":false,"sceneViewState":{"showFog":true,"showMaterialUpdate":false,"showSkybox":false,"showFlares":true,"showImageEffects":true,"showParticleSystems":true},"in2DMode":false,"pivot":{"x":-0.4869999885559082,"y":0.13099999725818635,"z":93.3479995727539},"rotation":{"x":0.014477100223302842,"y":-0.4131794571876526,"z":0.006568801589310169,"w":0.9105125665664673},"size":0.8083295822143555,"orthographic":true}