{"cameraMode":{"drawMode":0,"name":"Shaded","section":"Shading Mode"},"sceneLighting":true,"audioPlay":false,"sceneViewState":{"showFog":true,"showMaterialUpdate":false,"showSkybox":true,"showFlares":true,"showImageEffects":true,"showParticleSystems":true},"in2DMode":false,"pivot":{"x":-1.504913330078125,"y":-14.172737121582032,"z":113.98945617675781},"rotation":{"x":0.21754465997219087,"y":0.2556386888027191,"z":-0.059154585003852847,"w":0.9401223659515381},"size":43.58988952636719,"orthographic":false}