{"cameraMode":{"drawMode":0,"name":"Shaded","section":"Shading Mode"},"sceneLighting":true,"audioPlay":false,"sceneViewState":{"showFog":true,"showMaterialUpdate":false,"showSkybox":true,"showFlares":true,"showImageEffects":true,"showParticleSystems":true},"in2DMode":false,"pivot":{"x":2.765393018722534,"y":3.2106807231903078,"z":81.42204284667969},"rotation":{"x":0.25624653697013857,"y":-0.0507204607129097,"z":0.01346525363624096,"w":0.9651955366134644},"size":10.967055320739746,"orthographic":false}