{"cameraMode":{"drawMode":0,"name":"Shaded","section":"Shading Mode"},"sceneLighting":false,"audioPlay":false,"sceneViewState":{"showFog":true,"showMaterialUpdate":false,"showSkybox":false,"showFlares":true,"showImageEffects":true,"showParticleSystems":true},"in2DMode":false,"pivot":{"x":515.6300048828125,"y":188.97000122070313,"z":0.0},"rotation":{"x":0.19051392376422883,"y":-0.055913325399160388,"z":-0.010871155187487603,"w":-0.9800378680229187},"size":513.372314453125,"orthographic":false}