{"cameraMode":{"drawMode":0,"name":"Shaded","section":"Shading Mode"},"sceneLighting":false,"audioPlay":false,"sceneViewState":{"showFog":true,"showMaterialUpdate":false,"showSkybox":false,"showFlares":true,"showImageEffects":true,"showParticleSystems":true},"in2DMode":false,"pivot":{"x":5.05692195892334,"y":1.3427362442016602,"z":-2.6171751022338869},"rotation":{"x":-0.3672497868537903,"y":0.18321053683757783,"z":-0.07402726262807846,"w":-0.9089040756225586},"size":12.733461380004883,"orthographic":false}